{"0":{"precision":0.9999930998,"recall":0.9882858195,"f1-score":0.9941049926,"support":1906322.0},"1":{"precision":0.0989024292,"recall":0.994724026,"f1-score":0.179916318,"support":2464.0},"accuracy":{"precision":0.9882941304,"recall":0.9882941304,"f1-score":0.9882941304,"support":0.9882941304},"macro avg":{"precision":0.5494477645,"recall":0.9915049227,"f1-score":0.5870106553,"support":1908786.0},"weighted avg":{"precision":0.9988299063,"recall":0.9882941304,"f1-score":0.9930539785,"support":1908786.0}}